{
  "player_field": {
    "mu": 35.374288902518515,
    "sigma": 5.0733903882884945,
    "wins": 7,
    "losses": 0,
    "draws": 0,
    "matches": 7
  },
  "model_20260324_105608_7d8d": {
    "mu": 18.89164296334675,
    "sigma": 6.539513612106762,
    "wins": 0,
    "losses": 2,
    "draws": 0,
    "matches": 2
  },
  "model_20260328_005554_e2e4": {
    "mu": 18.675208789843964,
    "sigma": 5.6955578927533415,
    "wins": 0,
    "losses": 5,
    "draws": 0,
    "matches": 5
  }
}